customer_id,first_name,last_name,email,gender,loyalty_tier,signup_date,is_active
1,Alry,Cortwood,alry.cortwood974@tutanota.com,F,Silver,2023-06-04 12:35:23.414200259,false
2,Trisha,Mcintway,trisha.mcintway372@cox.net,F,Platinum,2023-07-17 20:43:33.133133819,true
3,Clard,Norris,clard.norris651@outlook.co.uk,M,Basic,2022-11-28 23:18:03.226532516,true
4,Joy,Hanecroft,joy.hanecroft237@charter.net,F,Basic,2025-10-13 18:19:24.841540003,true
5,Brooklyn,Mahonley,brooklyn.mahonley407@gmx.com,M,Silver,2023-06-28 03:00:40.186768637,true
6,Wian,Wuworth,wian.wuworth767@charter.net,M,Basic,2025-05-17 17:04:16.034242017,true
7,Diya,Moses,diya.moses432@email.com,M,Basic,2022-09-16 18:14:00.245204212,false
8,Seol,Cooham,seol.cooham609@engineer.com,M,Basic,2022-07-22 16:24:25.812288171,true
9,Phor,Moraworth,phor.moraworth522@mac.com,F,Silver,2025-06-17 09:59:36.507522454,true
10,Iary,Reicroft,iary.reicroft997@rediffmail.com,F,Silver,2025-09-28 17:41:01.582144597,true
11,Beea,Moon,beea.moon912@rediffmail.com,F,Basic,2025-03-31 16:05:23.818770009,true
12,Wiion,Websley,wiion.websley250@hotmail.com,M,Basic,2024-11-30 00:23:49.001405996,true
13,Pras,Cannocroft,pras.cannocroft950@live.com,M,Basic,2022-04-30 15:15:08.726462031,true
14,Mior,Haynworth,mior.haynworth952@mail.com,M,Basic,2023-05-13 21:32:28.336134980,true
15,Penny,Mcpton,penny.mcpton445@mail.com,F,Silver,2022-01-16 11:28:19.822170998,true
16,Fred,Lang,fred.lang862@post.com,F,Basic,2024-06-07 17:42:02.203040345,true
17,Zeer,Cantuwood,zeer.cantuwood205@yandex.com,M,Basic,2025-06-13 20:58:11.169605123,true
18,Clol,Lidale,clol.lidale959@rediffmail.com,M,Basic,2024-05-01 01:19:51.272974743,false
19,Nae,Cox,nae.cox205@gmail.com,M,Basic,2022-02-07 16:22:32.442399591,false
20,Hoasha,Comptdale,hoasha.comptdale568@email.com,F,Gold,2023-06-10 01:30:01.985668840,true
21,Reisha,Carlsgate,reisha.carlsgate173@protonmail.com,F,Basic,2022-04-16 17:08:45.022217731,true
22,Auee,Crossen,auee.crossen899@inbox.com,F,Basic,2023-03-03 09:53:00.623558771,true
23,Sunna,Abbton,,M,Silver,2025-11-28 21:46:52.929116161,true
24,Evna,Watts,evna.watts375@me.com,M,Basic,2023-03-14 20:29:56.192293160,false
25,Kelli,Brandford,kelli.brandford553@mail.ru,F,Silver,2023-01-16 07:52:56.838438157,true
26,Phas,Miles,phas.miles945@hushmail.com,F,Gold,2023-03-20 12:37:22.198402924,true
27,Anea,Walway,anea.walway86@workmail.com,M,Basic,2025-06-04 02:09:38.264893138,true
28,Naisha,Decker,naisha.decker464@lawyer.com,M,Platinum,2022-09-15 11:51:31.906371235,true
29,Tana,Gentton,tana.gentton797@runbox.com,F,Platinum,2022-08-23 18:37:58.282738097,true
30,Jeen,Wallridge,jeen.wallridge68@cox.net,M,Silver,2025-06-16 05:13:52.716996598,true
31,Yvonne,Daniman,yvonne.daniman716@virginmedia.com,F,Silver,2023-02-21 12:07:10.157471841,true
32,Soe,Underbrook,soe.underbrook416@hushmail.com,M,Basic,2023-09-02 08:35:13.770254561,false
33,Ane,Ma,ane.ma735@rocketmail.com,M,Gold,2023-01-04 23:12:23.265867992,true
34,Ziora,Truong,ziora.truong31@gmail.com,M,Basic,2024-08-24 09:09:32.046242728,true
35,Irix,Santwick,irix.santwick918@hotmail.com,F,Gold,2025-11-07 07:15:19.666436767,true
36,Kaana,Compdale,kaana.compdale746@hotmail.com,M,Basic,2023-12-19 14:55:09.376062012,true
37,Reard,Hutberg,reard.hutberg792@frontier.com,M,Basic,2023-05-16 23:35:14.819234422,false
38,Stie,Hugheford,stie.hugheford132@usa.com,F,Silver,2023-05-29 02:30:15.784540980,true
39,Lous,Ferridge,lous.ferridge591@rediffmail.com,F,Basic,2024-03-17 15:21:22.835125058,true
40,Latoya,Daniels,latoya.daniels78@protonmail.com,F,Silver,2024-09-30 18:00:18.740846104,false
41,Gror,Wilkley,gror.wilkley191@techie.com,F,Platinum,2025-12-21 12:11:55.234877879,true
42,Mavrick,Grifcroft,mavrick.grifcroft785@consultant.com,M,Silver,2022-06-30 15:54:32.073451097,true
43,Juoa,Hatfishire,juoa.hatfishire42@hushmail.com,F,Silver,2025-08-23 19:37:05.189293799,true
44,Juan,Andrgate,juan.andrgate356@techie.com,M,Basic,2024-12-05 10:23:31.805552094,true
45,Sia,Reeves,sia.reeves301@yahoo.co.uk,F,Silver,2024-09-24 15:38:27.569869949,true
46,Stne,Holloridge,stne.holloridge920@cox.net,M,Silver,2022-07-25 07:58:47.396140044,true
47,Frden,Meltberg,frden.meltberg449@seznam.cz,F,Silver,2022-07-07 23:34:09.275251648,true
48,Niene,Shebrook,niene.shebrook777@accountant.com,F,Basic,2022-10-01 05:55:37.547351471,true
49,Koas,Bruburg,koas.bruburg268@verizon.net,M,Gold,2023-09-17 03:08:09.541006607,true
50,Kaey,Hiccroft,kaey.hiccroft646@gmail.com,M,Basic,2022-01-22 02:46:54.442774183,true
51,Then,Tatson,then.tatson759@sky.com,M,Basic,2022-10-25 20:54:02.738956325,true
52,Chloe,Aliberg,chloe.aliberg281@rediffmail.com,F,Basic,2024-09-13 00:06:50.200976448,true
53,Anan,Sharcroft,anan.sharcroft790@optonline.net,F,Platinum,2023-07-05 05:00:06.247130803,true
54,Neane,SanGregor,neane.sangregor721@optonline.net,F,Basic,2024-10-08 04:11:56.142591812,true
55,Baisha,Larbrook,baisha.larbrook562@mailfence.com,M,Basic,2024-10-07 01:44:28.872425992,true
56,Erus,Thomcroft,erus.thomcroft280@charter.net,F,Basic,2025-09-02 15:36:05.880569057,true
57,Diina,Ferreson,diina.ferreson897@email.com,F,Basic,2022-12-02 14:23:43.940262538,true
58,Vaane,Morridge,vaane.morridge551@earthlink.net,M,Basic,2022-01-08 09:53:45.663300979,true
59,Doya,Wuworth,doya.wuworth891@email.com,F,Gold,2024-11-01 11:48:29.760861722,true
60,Asel,Vargashire,asel.vargashire217@outlook.co.uk,F,Basic,2024-11-12 21:51:39.109096201,true
61,Reisha,Obrdale,reisha.obrdale28@rediffmail.com,F,Silver,2024-07-27 16:43:03.411288720,true
62,Ilion,Juarestein,,M,Basic,2023-11-13 13:58:01.140499548,true
63,Juie,Middleton,juie.middleton169@sky.com,F,Silver,2022-10-14 02:35:37.837024448,true
64,Flia,Chavez,flia.chavez277@mailfence.com,F,Basic,2025-05-27 20:09:27.137762776,false
65,Vaas,Contgate,vaas.contgate169@me.com,F,Basic,2022-04-06 19:56:28.288183215,false
66,Teya,Flowton,teya.flowton702@rocketmail.com,F,Basic,2023-03-15 14:32:06.110075106,true
67,Naaya,Galman,naaya.galman737@gmail.com,M,Gold,2024-05-27 17:28:16.469626092,true
68,Kalyn,Mayoley,kalyn.mayoley361@workmail.com,M,Basic,2025-12-07 06:20:10.932654996,false
69,Aune,Glassley,aune.glassley513@hotmail.com,F,Basic,2025-04-15 03:16:07.511025103,true
70,Frol,Pace,frol.pace759@lawyer.com,M,Gold,2024-09-29 22:12:27.713035487,true
71,Sally,Waters,sally.waters989@yandex.com,F,Gold,2025-03-14 05:10:26.770022371,false
72,Vary,Ariasland,vary.ariasland7@fastmail.com,M,Platinum,2024-01-02 05:02:42.526890692,true
73,Pror,Jeffeberg,pror.jeffeberg586@yandex.com,F,Basic,2023-11-21 06:56:45.452766647,true
74,Charlene,LeTavish,charlene.letavish982@live.com,M,Silver,2023-11-06 19:55:43.566231784,true
75,Koel,Clarksen,koel.clarksen15@accountant.com,F,Basic,2024-03-27 02:06:30.191554822,true
76,Susan,Andman,susan.andman36@yandex.com,F,Silver,2022-09-12 17:06:28.507032218,false
77,Neea,Boyson,neea.boyson415@protonmail.com,M,Platinum,2024-04-03 14:49:29.462040470,false
78,Orie,Jacobland,orie.jacobland944@gmail.com,F,Basic,2024-09-18 13:06:37.900911559,true
79,Loira,Elliton,loira.elliton522@email.com,F,Gold,2024-03-23 20:12:52.983850567,false
80,Saton,Casgate,saton.casgate545@optonline.net,M,Basic,2025-02-14 06:27:03.776887833,true
81,Brielle,Oconwood,brielle.oconwood14@cox.net,F,Basic,2024-09-27 00:07:36.262642659,false
82,Harold,Carteton,,F,Basic,2022-10-30 05:54:25.174375247,true
83,Chok,Riveham,chok.riveham512@sky.com,F,Silver,2023-07-10 10:35:58.257177906,true
84,Sheena,Merriway,sheena.merriway599@optonline.net,F,Basic,2025-10-28 12:23:43.399600680,true
85,Leoa,Olsostein,,F,Silver,2022-12-07 17:30:06.085899442,true
86,Darryl,Chaveridge,darryl.chaveridge145@icloud.com,M,Basic,2025-08-08 00:48:09.567553307,true
87,Ildra,Chridale,ildra.chridale121@outlook.co.uk,F,Basic,2025-04-23 19:05:36.684305990,true
88,Jao,Mcneil,jao.mcneil771@mailfence.com,M,Basic,2022-08-04 14:56:19.496983669,true
89,Neus,Jorridge,neus.jorridge313@mac.com,F,Platinum,2022-06-02 02:14:18.088055297,true
90,Moard,Hayton,,F,Basic,2024-12-28 14:05:55.670893589,true
91,Siar,Masburg,siar.masburg947@me.com,M,Basic,2023-05-16 09:32:45.842086628,true
92,Veane,Snyshire,veane.snyshire838@sky.com,F,Basic,2022-04-22 11:48:43.844031402,true
93,Heika,Estrada,heika.estrada909@outlook.com,F,Gold,2023-02-14 13:48:16.393771863,true
94,Jadra,Burgeman,jadra.burgeman10@me.com,F,Silver,2022-05-24 06:48:42.747265548,true
95,Pretta,Fuentes,pretta.fuentes544@rediffmail.com,F,Basic,2022-08-26 22:05:52.934787469,true
96,Evol,Tannewick,evol.tannewick487@web.de,M,Silver,2025-04-24 03:49:25.801652926,true
97,Levi,Conrad,levi.conrad458@frontier.com,M,Basic,2025-02-28 03:23:38.824065076,true
98,Zaar,Rhodes,zaar.rhodes296@hotmail.com,M,Silver,2023-12-10 11:06:30.384607821,true
99,Teika,Caseham,teika.caseham22@yandex.com,F,Gold,2022-02-20 21:09:06.655008031,true
100,Arron,Morton,,F,Basic,2024-06-14 08:37:26.415089445,true
101,Milan,Mccaridge,milan.mccaridge162@virginmedia.com,M,Basic,2023-11-11 15:25:41.677544977,true
102,Gail,Rubio,gail.rubio587@aol.com,F,Basic,2024-09-02 02:00:27.013539837,true
103,Rath,MacTavish,rath.mactavish850@protonmail.com,M,Silver,2025-09-04 09:14:16.430239151,true
104,Callie,McDonald,callie.mcdonald687@me.com,M,Basic,2025-08-15 22:49:43.002700963,false
105,Emix,Pattwell,emix.pattwell360@rediffmail.com,M,Gold,2025-05-27 18:24:18.857690486,true
106,Doira,Mcneiwick,doira.mcneiwick90@web.de,F,Gold,2023-10-29 13:32:14.325708747,true
107,Frol,Vaugland,frol.vaugland217@att.net,M,Silver,2022-12-24 19:46:38.103869271,true
108,Iso,Juarfield,iso.juarfield176@usa.com,M,Basic,2024-05-01 23:28:47.159176536,true
109,Hael,Blawood,hael.blawood849@seznam.cz,F,Basic,2024-05-10 12:34:45.238725534,true
110,Koora,Maxwegate,koora.maxwegate404@consultant.com,M,Platinum,2024-04-22 06:09:19.752531027,false
111,Jiron,Mcintton,jiron.mcintton361@mail.com,F,Silver,2022-03-29 15:33:32.439864776,true
112,Hoina,Braywick,hoina.braywick221@seznam.cz,M,Silver,2025-11-25 13:42:26.661147224,true
113,Hiar,Moraburg,hiar.moraburg84@verizon.net,M,Basic,2022-10-16 05:43:10.323505864,false
114,Feey,Chrley,feey.chrley940@web.de,F,Silver,2023-03-28 23:53:44.751770221,true
115,Nuah,Oconnburg,nuah.oconnburg149@gmail.com,M,Silver,2022-08-24 02:38:25.796486204,false
116,Jessie,Montstein,jessie.montstein217@post.com,F,Basic,2024-03-05 09:31:31.824332716,true
117,Sodra,Harham,sodra.harham20@charter.net,M,Basic,2024-04-14 12:45:02.356656499,true
118,Drnah,Ramos,drnah.ramos61@yahoo.com,F,Basic,2024-09-19 14:53:19.198727753,true
119,Steven,Davilshire,steven.davilshire32@protonmail.com,F,Silver,2025-10-22 15:56:25.451877805,true
120,Asiel,Pauford,asiel.pauford798@web.de,M,Basic,2024-07-21 00:54:11.890405012,true
121,Ceol,Bernford,ceol.bernford931@sky.com,M,Basic,2024-02-09 08:13:20.606482165,true
122,Veas,Brady,veas.brady544@hushmail.com,M,Basic,2024-08-25 13:45:39.034451714,true
123,Edton,Friwell,edton.friwell305@post.com,M,Basic,2023-10-10 11:57:16.228425009,true
124,Ximena,Dauggate,ximena.dauggate832@live.com,F,Silver,2025-11-05 00:32:51.654298211,true
125,Arry,Clayberg,arry.clayberg725@inbox.com,M,Basic,2024-08-18 06:14:04.457930073,true
126,Max,Cohen,max.cohen238@att.net,F,Basic,2024-08-08 10:21:17.694838874,true
127,Diamond,Lucridge,diamond.lucridge87@rediffmail.com,M,Basic,2025-01-05 09:09:15.026892299,true
128,Niol,Buchanan,niol.buchanan745@me.com,M,Basic,2024-10-02 23:44:27.724746006,true
129,Daron,Barreworth,daron.barreworth327@email.com,M,Silver,2022-09-26 05:27:45.392693116,true
130,Wiar,Lucberg,wiar.lucberg252@zoho.com,F,Basic,2025-06-20 22:00:22.872278077,true
131,Inora,Holbrook,inora.holbrook152@mailfence.com,F,Basic,2023-04-13 01:41:04.393564549,true
132,Zeona,Yodersen,zeona.yodersen997@fastmail.com,M,Basic,2024-10-03 09:10:44.695285321,true
133,Bael,Gilstein,bael.gilstein208@email.com,F,Basic,2024-11-20 13:36:06.051587419,true
134,Briana,Richardson,briana.richardson348@zoho.com,F,Silver,2025-05-06 07:26:42.780861972,true
135,Sodra,Willis,sodra.willis498@yahoo.com,M,Basic,2023-12-25 00:37:12.449801298,true
136,Joe,Oroshire,joe.oroshire446@outlook.com,F,Silver,2024-04-05 03:32:53.233791449,true
137,Kaitlin,Lanfield,kaitlin.lanfield786@rocketmail.com,F,Basic,2025-12-25 06:15:48.424664398,true
138,Muiel,O'Dougall,muiel.o'dougall119@hotmail.com,F,Silver,2023-09-07 14:18:46.480779994,false
139,Ziry,Huanridge,ziry.huanridge20@tutanota.com,M,Silver,2022-11-09 10:10:03.837663581,true
140,Huana,Simmman,huana.simmman39@engineer.com,F,Basic,2022-09-02 18:40:19.908906068,false
141,Rickey,Stugate,rickey.stugate525@cox.net,F,Basic,2023-05-07 14:48:36.834176666,true
142,Aner,VanCarthy,aner.vancarthy493@aol.com,M,Basic,2025-02-12 18:54:55.386998039,true
143,Kari,Madway,kari.madway343@accountant.com,F,Silver,2025-01-21 11:47:37.832662514,true
144,Hiden,Bergberg,hiden.bergberg624@mail.com,F,Gold,2023-11-27 10:10:48.840215839,true
145,Arah,Yangbrook,arah.yangbrook98@lawyer.com,M,Basic,2024-01-16 00:33:42.566332332,true
146,Moea,Geocroft,moea.geocroft974@verizon.net,M,Gold,2025-09-27 09:48:08.288601961,true
147,Eris,Sotley,eris.sotley861@virginmedia.com,F,Silver,2025-05-26 17:24:16.382970591,true
148,Coisa,Frigate,,F,Gold,2025-11-06 17:28:44.907755843,true
149,Gaira,Gallshire,gaira.gallshire28@att.net,M,Basic,2022-08-10 16:06:21.009249405,true
150,Lie,McNeil,lie.mcneil236@runbox.com,M,Basic,2022-11-21 16:01:37.978630014,false
151,Tian,Lozwood,tian.lozwood962@earthlink.net,M,Silver,2025-06-22 02:39:35.391109087,true
152,Tre,Russo,tre.russo318@gmail.com,M,Basic,2025-07-10 04:56:28.370964029,true
153,Renah,Halefield,renah.halefield259@outlook.co.uk,F,Basic,2024-01-14 15:03:47.678076762,true
154,Koika,Harper,koika.harper772@verizon.net,M,Silver,2025-10-30 18:59:42.876043249,true
155,Soon,Hesman,soon.hesman455@usa.com,F,Basic,2024-07-15 06:55:36.485493416,true
156,Veoa,Hesland,veoa.hesland229@usa.com,M,Basic,2022-03-15 21:34:38.972739865,true
157,Daton,Wolfson,daton.wolfson703@cox.net,M,Silver,2024-10-31 19:43:25.947193784,true
158,Beie,Reevecroft,beie.reevecroft646@hushmail.com,M,Silver,2025-11-15 00:22:02.446807337,true
159,Nicolas,Castford,nicolas.castford50@yahoo.com,M,Basic,2024-12-03 08:04:14.626042582,true
160,Asna,Casley,asna.casley702@mac.com,F,Silver,2024-06-18 20:01:52.421423590,false
161,Whitney,Moreley,,F,Silver,2022-01-16 19:52:26.645085611,true
162,Suita,Pruitton,suita.pruitton747@optonline.net,F,Silver,2024-09-30 23:04:20.940703554,true
163,Stden,Phibrook,stden.phibrook580@outlook.com,M,Basic,2023-12-24 03:04:16.322664985,true
164,Thas,LeNeil,thas.leneil636@post.com,F,Silver,2025-07-03 12:03:59.168697220,true
165,Brna,Myerburg,brna.myerburg293@mac.com,M,Basic,2023-02-02 17:02:55.543912762,true
166,Suona,Truridge,suona.truridge743@att.net,M,Basic,2024-02-21 17:07:30.358665315,true
167,Edene,Whitaton,edene.whitaton965@aol.com,F,Basic,2023-10-05 00:08:54.410733406,true
168,Reene,Kirstein,reene.kirstein153@sky.com,M,Platinum,2024-04-12 09:01:49.697090924,false
169,Noetta,Bulloman,noetta.bulloman523@outlook.com,F,Basic,2025-02-21 05:16:12.710485476,false
170,Pae,Bearbrook,pae.bearbrook529@fastmail.com,F,Gold,2023-09-30 11:23:23.453103277,true
171,Alvin,DiLean,alvin.dilean59@earthlink.net,M,Basic,2024-06-03 21:11:35.254955638,false
172,Ronnie,Linwood,ronnie.linwood463@post.com,F,Gold,2024-09-24 21:00:01.822465122,true
173,Dresa,Mahonwell,dresa.mahonwell393@seznam.cz,M,Basic,2022-04-04 21:42:34.517362703,true
174,Loika,McLean,,F,Silver,2025-12-25 13:40:00.916432907,true
175,Roya,Saunders,roya.saunders850@att.net,M,Basic,2024-01-21 21:18:31.377776950,true
176,Ane,Flemiton,ane.flemiton763@rocketmail.com,F,Gold,2024-12-11 18:28:19.788567087,true
177,Ilan,Winters,,F,Basic,2022-03-22 21:37:22.446242437,true
178,Quinn,Granstein,quinn.granstein910@mailfence.com,F,Basic,2023-05-21 14:19:41.613439034,true
179,Solyn,Contman,solyn.contman873@yahoo.co.uk,F,Platinum,2023-01-07 16:23:08.979870837,true
180,Bedra,Vasquton,bedra.vasquton689@aol.com,M,Basic,2025-10-07 06:39:14.229321202,false
181,Meetta,Toddwick,meetta.toddwick535@lawyer.com,M,Basic,2023-01-11 04:05:29.665294094,false
182,Peien,Medshire,peien.medshire70@hushmail.com,M,Basic,2022-09-20 12:52:29.993370292,true
183,Clria,Harding,clria.harding45@charter.net,F,Basic,2023-09-24 21:17:29.272437236,true
184,Inard,LeCallum,inard.lecallum737@live.com,M,Gold,2022-09-11 18:29:47.655870391,true
185,Margot,Cooley,margot.cooley682@post.com,M,Basic,2025-01-17 01:05:02.757842914,true
186,Raymond,Nixon,raymond.nixon811@icloud.com,F,Silver,2022-06-08 19:22:25.502425162,true
187,Nith,Mcmsen,nith.mcmsen638@outlook.com,F,Basic,2025-09-24 09:54:31.135631127,true
188,Drton,DaDonald,drton.dadonald149@sky.com,M,Basic,2024-06-18 19:13:00.477070464,true
189,Irna,Mcgcroft,irna.mcgcroft176@charter.net,M,Gold,2023-11-25 13:23:58.553455154,true
190,Rayn,Wilkwood,rayn.wilkwood608@mail.ru,F,Basic,2022-01-16 22:19:04.809123192,false
191,Laas,Truburg,laas.truburg914@cox.net,F,Gold,2023-05-10 20:30:00.839918630,true
192,Elus,Truong,elus.truong723@protonmail.com,F,Basic,2025-09-09 04:27:44.258089896,true
193,Tiira,DelDonald,tiira.deldonald932@btinternet.com,M,Silver,2024-10-08 08:35:37.047647750,true
194,Bill,Marsh,bill.marsh715@mailfence.com,M,Silver,2024-06-04 09:40:30.376227344,true
195,Trah,Chanham,trah.chanham260@verizon.net,F,Basic,2022-12-15 17:56:18.405858573,true
196,Auor,Conson,auor.conson483@workmail.com,M,Silver,2023-06-20 22:19:29.767509704,true
197,Ziesa,Simmowell,ziesa.simmowell98@post.com,F,Gold,2024-05-15 20:11:53.973189959,true
198,Kone,Hufridge,kone.hufridge29@rocketmail.com,F,Silver,2025-02-16 15:00:52.882794139,true
199,Soron,Andrgate,soron.andrgate815@consultant.com,F,Basic,2023-07-26 07:38:55.650483507,true
200,Banor,Thornstein,banor.thornstein887@workmail.com,F,Basic,2023-10-27 02:54:27.735222326,true
